id,name,description
smart-contract-platform,Smart Contract Platform,"Smart contract platforms are usually blockchains that host smart contracts or decentralized applications. Users can interact with different smart contracts on these platforms to perform various actions such as lending and borrowing funds, staking their ass"
layer-1,Layer 1 (L1),"Layer 1 serves as the primary and autonomous chain on which transactions are directly executed and confirmed, as well as providing the essential infrastructure for the blockchain network."
proof-of-work-pow,Proof of Work (PoW),Proof of Work (PoW) is a blockchain consensus mechanism to validate transactions and create new blocks through computational efforts by miners.
world-liberty-financial-portfolio,World Liberty Financial Portfolio,The World Liberty Financial portfolio includes purchases made by the World Liberty Financial project. World Liberty Financial is a DeFi project associated with U.S. presidential candidate Donald Trump and his family members.
proof-of-stake-pos,Proof of Stake (PoS),Proof of Stake (PoS) is a blockchain consensus mechanism where validators are selected to create new blocks based on the amount of cryptocurrency they hold and are willing to stake as collateral.
made-in-usa,Made in USA,"Refers to cryptocurrencies that have significant connections to the United States, either through their founding team or company headquarters."
stablecoins,Stablecoins,"A stablecoin is a type of cryptocurrency that is designed to maintain a stable value by being pegged to an external reference, such as a fiat currency."
usd-stablecoin,USD Stablecoin,A USD stablecoin is a type of cryptocurrency that is designed to maintain a stable value by being pegged to the United States dollar.
fiat-backed-stablecoin,Fiat-backed Stablecoin,"A fiat-backed stablecoin is designed to maintain a stable value by being pegged to a reserve of fiat currency, such as the US dollar, euro, or other national currencies. "
alleged-sec-securities,Alleged SEC Securities,"Tokens and cryptocurrencies alleged to be securities by the U.S. Securities and Exchange Commission (SEC). 

Note: The labeling of these cryptocurrencies as securities by the SEC doesn't equate to the legal classification till proven in a court."
exchange-based-tokens,Exchange-based Tokens,These tokens are associated with both centralized and decentralized exchanges which share the same purposes such as enjoy discounted trading fees and gain access to exclusive token sales on the exchange. While decentralized exchanges tokens also function a
made-in-china,Made in China,"Refers to cryptocurrencies that have significant connections to the China, either through their founding team or company headquarters."
centralized-exchange-token-cex,Centralized Exchange (CEX) Token,"These utility tokens are issued by a centralized exchange and can be used for a variety of purposes. Although holders are not able to exercise governance, they still carry many other benefits such as enjoy discounted trading fees and gain access to exclusi"
decentralized-finance-defi,Decentralized Finance (DeFi),"Decentralized Finance, is a financial system that operates without central authorities or intermediaries, using blockchain technology and smart contracts to provide a range of financial services such as lending, borrowing, and trading."
coinlist-launchpad,CoinList Launchpad,CoinList is a platform specializes in compliant token launches for new projects.
liquid-staking-tokens,Liquid Staking Tokens,Liquid staking token is a tokenized representation of staked tokens that can be traded or used in various DeFi applications.
wrapped-tokens,Wrapped-Tokens,"Wrapped tokens offer a way to circumvent the lack of interoperability between different blockchains. The wrapping of a token happens when the original asset is put into a “wrapper” and deployed on a different blockchain. With it being wrapped, the cryptocu"
asset-backed-tokens,Crypto-Backed Tokens,Crypto-backed tokens are digital assets backed or collateralized by other cryptocurrencies. Stablecoins are excluded from this category and are classified separately under the Crypto-Backed Stablecoin category.
liquid-staking,Liquid Staking,Liquid staking is a process in which users can stake their cryptocurrency tokens to earn rewards while maintaining the ability to use or trade those tokens in DeFi applications.
real-world-assets-rwa,Real World Assets (RWA),"Real World Assets (RWAs) refer to tangible or physical assets that have value in the real world. The tokenization of RWAs involves representing these assets digitally on a blockchain, allowing for fractional ownership, increased liquidity, and more efficie"
meme-token,Meme,"Meme coins derive their relevance from memes, thriving on hype and picking up momentum as the community grows."
liquid-staked-eth,Liquid Staked ETH,Liquid staked ETH is a tokenized representation of staked Ethereum that can be traded or used in various DeFi applications.
governance,Governance,"A governance token grants its holders the right to influence, vote, or decide on changes to a blockchain protocol, dApp, or DAO."
dog-themed-coins,Dog-Themed,Meme coins which are inspired by dog.
infrastructure,Infrastructure,Fundamental systems and networks that support the functioning and development of the technology.
artificial-intelligence,Artificial Intelligence (AI),"Artificial Intelligence (AI) tokens are cryptocurrencies that power AI-related projects, such as AI-powered portfolio management, image generation, path finding, and more. "
4chan-themed,4chan-Themed,4chan-themed coins are tokens inspired by 4chan’s meme culture.
bridged-tokens,Bridged-Tokens,"Bridged-tokens refers to a token that has been transferred or ""bridged"" from one blockchain to another, typically through the use of a blockchain bridge."
elon-musk-inspired-coins,Elon Musk-Inspired,"Meme coins inspired by Elon Musk, none of these projects are (necessarily) endorsed or created by Elon Musk."
privacy-coins,Privacy Coins,Privacy coins are cryptocurrencies which allow users to conduct transactions privately and anonymously. This ensures untraceable transactions and the identity of the parties involved are kept private.This is done by hiding the origin and destination of tra
tokenized-btc,Tokenized BTC,
decentralized-exchange,Decentralized Exchange (DEX),Decentralized exchanges (DEXs) allow users to trade with one another in a permissionless manner and without any intermediaries.
binance-alpha-spotlight,Binance Alpha Spotlight,"
Binance Alpha is a platform within Binance Wallet that highlights promising early-stage crypto projects before they potentially list on Binance."
bridged-stablecoins,Bridged Stablecoin,"Bridged stablecoin refers to a stablecoin that has been transferred, or “bridged,” from one blockchain to another, typically through the use of a blockchain bridge."
yzi-labs-portfolio,YZi Labs (Prev. Binance Labs) Portfolio,Protocols and tokens that YZi Labs (Prev. Binance Labs) have invested in.
restaking,Restaking,Restaking allows users who have staked their tokens to participate in extending the underlying security of the base network to other protocols and networks.
defi-pulse-index-dpi,Index Coop Defi Index,The DeFi Pulse Index (DPI) is a capitalization-weighted index that tracks the performance of some of the largest protocols in the DeFi space.
liquid-restaking-tokens,Liquid Restaking Tokens,Liquid Restaking Tokens are a liquid representation of restaking positions. Restaking enable users who have staked their tokens to extend the security of the base network to other protocols and networks.
tokenized-private-credit,Tokenized Private Credit,"Tokenized private credit refers to the digital representation of economic claims on non-publicly traded debt instruments, such as direct loans to businesses or consumers."
bridged-usdt,Bridged USDT,"Bridged USDT refers to Tether tokens that have been transferred from their native blockchain to a different blockchain through ""bridging""."
yield-bearing-stablecoins,Yield-Bearing Stablecoin,"Yield-bearing stablecoins are stablecoins that passively earn interest or yield for holders, either through DeFi lending, staking rewards, or real-world asset backing."
zero-knowledge-zk,Zero Knowledge (ZK),Zero-knowledge proof or Zero-knowledge protocol is a method by which one party (the prover) can prove to another party (the verifier) that a given statement is true while the prover avoids conveying any additional information apart from the fact that the s
bitcoin-fork,Bitcoin Fork,A Bitcoin fork is a change to the underlying rules of the Bitcoin network that results in a split into a separate versions of the blockchain.
chain-abstraction,Chain Abstraction,"Chain abstraction is the concept of creating a seamless, unified user experience across multiple blockchains, allowing users and developers to interact with different chains without needing to manually bridge assets, switch networks, or handle chain-specif"
rwa-protocol,RWA Protocol,RWA Protocol refer to protocol that facilitates the tokenization of real-world assets.
cross-chain-communication,Cross-chain Communication,Cross-chain communication allows different blockchain networks to interact and exchange data and assets. 
decentralized-perpetuals,Perpetuals,Perpetuals offer traders the ability to take leveraged positions on the price of an asset without owning the underlying asset. 
stablecoin-issuer,Stablecoin Issuer,"Stablecoin issuers are protocols that create and manage stablecoins pegged to assets like fiat by using on-chain mechanisms such as collateralization, liquidity pools, or algorithmic supply adjustments."
superchain-ecosystem,Optimism Superchain Ecosystem,"The Optimism Superchain is a unified network of chains built using the open-source OP Stack. This framework provides a standardized, modular architectural framework for creating Layer 2 chains that share a common security and communication layer."
ether-fi-ecosystem,Ether.fi Ecosystem,Interconnected platforms and services built around Ether.fi.
depin,DePIN,"DePIN refers to Decentralized Physical Infrastructure Networks which utilize blockchain and tokenized incentives to build real-world infrastructure across areas like wireless networks, storage, geolocation, transportation and energy."
layer-2,Layer 2 (L2),"Layer 2s are off-chain vertical scaling solutions that run on top of Layer 1 blockchains like Ethereum to improve scalability, while maintaining the decentralization and security standards of the Layer 1."
yield-farming,Yield Farming,"Yield farming involves putting cryptocurrency into a DeFi protocol to collect interest on trading fees. Liquidity providers can profit by providing liquidity in DeFi protocols like Uniswap, utilizing assets that would otherwise sit idle on an exchange or h"
oracle,Oracle,"Oracles are used by protocols in their smart contracts in order to obtain external data. This allows the closed-off blockchain environment to communicate with data points on the outside world. For example, a protocol offering synthetic Nasdaq-listed stock "
tokenized-products,Tokenized Assets,Tokenized products refers to digital representation of assets on a blockchain platform.
privacy-infrastructure,Privacy Infrastructure,"Protocols, networks, and developer tools designed to enable programmable privacy and confidential computation for decentralized applications. Unlike traditional 'Privacy Coins' which focus solely on transactional anonymity, these projects provide the infra"
x402-ecosystem,x402 Ecosystem,"x402 is an open protocol that defines an internet-native micropayment rail using HTTP 402 and stablecoins. It allows automated clients and AI agents to pay directly for APIs, data, and compute on demand, enabling real-time, low-friction transactions withou"
synthetic-dollar,Synthetic Dollar,
binance-launchpool,Binance Launchpool,"Tokens and coins launched on Binance Launchpool, a platform that allows crypto holders to earn new tokens by locking some of their existing assets."
cybersecurity,Cybersecurity,"Cybersecurity projects enhance measures through services like smart contract auditing, security analysis, and bug bounty programs."
trump-affiliated-tokens,Trump-Affiliated,"This category includes tokens that are officially launched, endorsed, or held by Donald Trump or his immediate family. Only tokens with verifiable affiliation through official statements or reputable sources are included. Community-created tokens or projec"
crypto-backed-stablecoin,Crypto-backed Stablecoin,A crypto-backed stablecoin is designed to maintain a stable value by being backed by a reserve of other cryptocurrencies.
privacy-blockchain,Privacy Blockchain,A privacy blockchain is a smart contract platform designed to prioritize transaction confidentiality and anonymity while maintaining decentralization and security. 
decentralized-derivatives,Derivatives,"Derivatives are financial instruments whose value is derived from an underlying asset (e.g. Crude Oil, Gold, Bitcoin etc). Compared to spot markets where the underlying asset changes ownership, in derivatives markets, traders trade contracts rather than th"
non-fungible-tokens-nft,NFT,"Non-fungible tokens (NFTs) are collectible elements that represent something unique and therefore are not mutually interchangeable. In other words, no non-fungible token is the same. NFT creators can also encrypt details such as rich metadata or secure fil"
automated-market-maker-amm,Automated Market Maker (AMM),"Automated market makers (AMMs) make use of liquidity pools containing 2 or more assets, and prices are derived based on the proportion of each asset in that pool as well as the mathematical function used. Orders through an AMM are executed automatically vi"
layer-0-l0,Layer 0 (L0),Layer 0 is the foundational infrastructure upon which multiple Layer 1 blockchains can be built.
quantum-resistant,Quantum-Resistant,"Quantum-resistant projects are characterised by their use of post-quantum cryptographic algorithms (e.g., hash-based, lattice-based) to remain secure against potential attacks from future quantum computers."
directed-acyclic-graph-dag,Directed Acyclic Graph (DAG),"A DAG-based blockchain is a type of distributed ledger that uses a graph-like structure instead of a linear chain, allowing faster and parallel transaction processing by linking each transaction to multiple previous ones."
gaming,Gaming (GameFi),"GameFi combines blockchain technology, gaming, and decentralized finance (DeFi), allowing players to earn cryptocurrency and NFT rewards while also offering true ownership and control over in-game assets."
liquid-staked-sol,Liquid Staked SOL,Liquid staked SOL is a tokenized representation of staked SOL that can be traded or used in various DeFi applications.
solana-meme-coins,Solana Meme,Meme coins native to the Solana network.
tokenized-commodities,Tokenized Commodities,"Tokenized Commodities refers to digital representation of commodities such as oil, gold, silver on a blockchain platform. "
launchpad,Launchpad,Launchpad is a platform for crypto projects to hold Initial DEX Offerings (IDOs). Participants are able to gain early access to public and special token sales on the platform.
lending-borrowing,Lending/Borrowing Protocols,"Lending/borrowing protocols allow users to offer crypto loans by staking their assets in them without the need for a bank account. Users are given rewards, usually in the form of the protocol’s native token."
tokenized-gold,Tokenized Gold,Tokenized gold refers to digital representation of physical gold on a blockchain platform. These tokens are backed by an equivalent amount of real gold held in custody by the issuing institution.
neobank,Neobank,A neobank is a digital-only bank that operates online or through mobile apps without physical branches.
wallets,Wallets,Crypto wallets are digital tools that allow you to interact with blockchain networks to store and manage cryptocurrencies.
gambling,Gambling (GambleFi),GambleFi refers to decentralized gambling platforms and tokens leveraging blockchain technology and smart contracts.
ai-agents,AI Agents,An AI agent is a smart computer program that can act on its own to achieve goals.
bridged-usdc,Bridged USDC,"Bridged USDC refers to USDC that have been transferred from their native blockchain to a different blockchain through ""bridging""."
metaverse,Metaverse,The metaverse refers to a digital world where participants can interact with each other in a shared virtual reality.
prediction-markets,Prediction Markets,A crypto prediction market is a marketplace where people can bet on the outcome of future events using crypto.
play-to-earn,Play To Earn,"Play to Earn games are built on the blockchain, giving players full control over their gaming accounts and related assets, which they can sell on exchanges or secondary marketplaces."
decentralized-options,Options,"Options refer to financial instruments that give holders the right, but not the obligation, to buy or sell a cryptocurrency at a predetermined price, known as the strike price, before a specific date, known as the expiry date. "
tokenized-t-bills,Tokenized Treasury Bills (T-Bills),A Tokenized Treasury Bill (T-Bill) is a digital version of a U.S. government short-term debt security represented on a blockchain.
binance-launchpad,Binance Launchpad,"Tokens and coins launched on Binance Launchpad, a platform that assists blockchain and crypto startups in raising funds."
binance-hodler-airdrops,Binance HODLer Airdrops,Binance HODLer Airdrops is an airdrop program by Binance. Users who subscribe to Simple Earn using BNB will receive airdropped tokens issued by projects with a large token circulating supply that intend to soon list on Binance.
rollup,Rollup,"Rollup is a layer 2 solution that aggregates and processes transactions outside of a main blockchain, before submitting them as a single batch, to enhance scalability and reduce fees."
binance-peg-tokens,Binance-Peg Tokens,Binance-Peg Tokens are wrapped versions of cryptocurrencies pegged by Binance on a 1:1 ratio. 
frog-themed-coins,Frog-Themed,Meme coins which are inspired by frogs.
data-availability,Data Availability,"Data availability on the blockchain ensures that all participants have the transaction data needed to verify blocks, even with resource limitations and scalability needs. Without it, independent verification crumbles, compromising the entire system. Data a"
the-boy-s-club,The Boy’s Club,Meme coins which are inspired by The Boy's Club.
payment-solutions,Payment Solutions,Platforms or services that enable the acceptance and processing of cryptocurrency payments for goods and services.
socialfi,SocialFi,"SocialFi combines social media and DeFi. It aims to bring a more decentralized and user-centric approach to social media platforms, allowing users to monetize their interactions and content directly. "
bridged-weth,Bridged WETH,"Bridged WETH refers to WETH that have been transferred from their native blockchain to a different blockchain through ""bridging""."
storage,Storage,"Storage protocols allow users to store their data on the blockchain network in a decentralized manner. This negates the need for a centralized storage host such as Amazon, OneDrive, DropBox, and others. This removes the issue of a single point of failure. "
liquid-staked-btc,Liquid Staked BTC,Liquid staked BTC is a tokenized representation of staked Bitcoin that can be traded or used in various DeFi applications.
identity,Decentralized Identifier (DID),"Decentralized Identifier (DID) allows individuals or entities to create and manage their own identifiers independently of any centralized registry, identity provider, or intermediary. "
yield-bearing-tokens,Yield-Bearing,"Yield-bearing tokens generate passive income for holders by accruing rewards or interest over time, typically through staking, lending, or yield-generating protocols."
pump-fun,Pump.fun Ecosystem,Pump.fun Ecosystem consists of tokens launched via pump.fun.
binance-wallet-ido,Binance Wallet IDO,Tokens and coins launched on Binance Wallet IDO.
masternodes,Masternodes,"Masternodes are needed to verify new blocks in certain cryptocurrencies. However, unlike other nodes, they do not add new blocks to the network. In order to maintain a masternode, one would need to hold a certain amount of the protocol’s cryptocurrency, an"
internet-of-things-iot,Internet of Things (IOT),"The Internet of Things (IoT) ecosystem consists of interconnected computing devices, with the ability to transfer data over a network without the need for any human interaction."
ai-framework,AI Framework,"An AI Framework/ AI agent framework is a set of tools, libraries, and methodologies designed to facilitate the development, management, and operation of AI agents. "
analytics,Analytics,"Projects that provide advanced insights and charting tools to track historical token prices, real-time trades, volume, and many more."
lp-tokens,LP Tokens,
mobile-mining,Mobile Mining,Mobile mining allows users to use a smartphone or mobile device to mine cryptocurrencies.
ai-agent-launchpad,AI Agent Launchpad,Platforms that allow users to deploy and launch their own AI agents.
morpho-ecosystem,Morpho Ecosystem,Vault tokens within the Morpho Protocol.
gaming-blockchains,Gaming Blockchains,Gaming blockchains refer to blockchain platforms specialized in gaming.
sidechain,SideChain,A sidechain is a separate blockchain that runs parallel to a main blockchain. It allows transactions and applications to operate independently to enhance scalability and functionality.
ai-meme-coins,AI Meme,"Meme coins related or inspired by AI. They either leverage AI-powered agents, are created using AI tools, or derive their concept from AI technologies and trends."
bitcoin-layer-2,Bitcoin Sidechains,Bitcoin Sidechains are designed to enhance the Bitcoin blockchain's capacity by creating a new layer that improves transaction processing speed by handling transactions off the primary chain.
gaming-utility-token,Gaming Utility Token,"Gaming Utility Tokens provide holders with benefits such as making in-game purchases, accessing special content, participating in events, or earning rewards."
bridged-wbtc,Bridged WBTC,"Bridged WBTC refers to WBTC that have been transferred from their native blockchain to a different blockchain through ""bridging""."
algorithmic-stablecoin,Algorithmic Stablecoin,"An algorithmic stablecoin is a type of stablecoin that maintains its peg to a specific value, such as a fiat currency or other assets through algorithmic mechanisms. These mechanisms adjust the supply of the stablecoin based on market demand often by issui"
politifi,PolitiFi,"Political Finance (PolitiFi) are meme coins inspired by political figures.

Note: Most of these tokens have no official affiliation to any political figures."
ai-applications,AI Applications,
airdropped-tokens-by-nft-projects,Airdropped Tokens by NFT Projects,Airdropped tokens by NFT Projects refer to tokens distributed by NFT projects as part of their community engagement or ecosystem expansion initiatives. Airdrops are often tied to ownership of specific NFT collections or eligibility within certain user grou
dex-aggregator,Dex Aggregator,"A DEX aggregator is designed to enhance the efficiency and accessibility of cryptocurrency trading. It searches across multiple decentralized exchanges (DEXs) to combine their liquidity, helping users avoid slippage on large orders, lower trading fees, and"
ip-meme,IP Meme,Meme projects tied to verifiable IP assets.
liquid-staking-governance-tokens,Liquid Staking Governance Tokens,"Liquid Staking Governance Tokens facilitate decision-making and policy formation in Liquid Staking Token Protocols, allowing holders to influence asset allocation and platform strategy."
name-service,Name Service,Name Service is a decentralized naming system that allows users to map human-readable domain names to machine-readable information.
sports,Sports,"These projects have introduced a new way for sports teams to engage with their fans and has made it easier for ordinary sports fans to show their support to their favorite teams and players. 
With Fan Tokens and NFTs, fans have the power to influence thei"
parallel-evm,Parallelized EVM,Parallel EVM refers to the capability of processing and executing multiple blockchain transactions simultaneously rather than in a sequential manner.
ip,IP,"Intellectual property (IP) related crypto projects leverage blockchain technology to tokenize and manage intellectual property, enabling transparent ownership, automated royalties, and decentralized marketplaces for creators and investors."
curve-ecosystem,Curve Ecosystem,Interconnected platforms and services built around Curve Finance.
aave-tokens,Aave Tokens,Aave Tokens are balance tokens on the Aave Protocol which represents a lending balance on the Aave money market.
virtuals-protocol-ecosystem,Virtuals Protocol Ecosystem,
bittensor-subnets,Bittensor Subnets,"Subnets on Bittensor are specialized mini-networks dedicated to specific AI tasks. In each subnet, models (miners) compete to produce high-quality outputs, and their performance is evaluated by validators who assign rankings and allocate TAO rewards accord"
robotics,Robotics,
gaming-governance-token,Gaming Governance Token,Gaming Governance Token gives holders the right to participate in development and decision making process of the game.
modular-blockchain,Modular Blockchain,A modular blockchain is a type of blockchain architecture that separates the core functions of a blockchain into distinct modules or layers. Each module is designed to handle specific tasks independently.
liquid-restaking-governance-token,Liquid Restaking Governance Tokens,"Liquid Restaking Governance Tokens facilitate decision-making and policy formation in Liquid Restaking Token Protocols, allowing holders to influence asset allocation and platform strategy."
us-treasury-backed-stablecoin,US Treasury-backed Stablecoin,"A stablecoin that is 1:1 backed by U.S. Treasuries. This includes direct holdings of Treasury bills (T-bills), short-maturity Treasury notes (T-Notes), and repurchase agreements (repos) that are fully collateralized by U.S. Treasuries."
telegram_apps,Telegram Apps,Applications built on the Telegram platform that integrate cryptocurrency or blockchain technology.
mev-protection,MEV Protection,MEV (Maximal Extractable Value) protection is a set of rules and mechanisms designed to prevent or mitigate the negative impacts of MEV in decentralized finance (DeFi) environments.
tokenized-treasury-bonds-t-bonds,Tokenized Treasury Bonds (T-Bonds),A Tokenized Treasury Bond (T-Bond) is a digital version of a U.S. government debt security represented on a blockchain. 
btcfi,BTCfi Protocol,"BTCfi Protocol refers to DeFi protocols built on or around the Bitcoin ecosystem. It aims to bring DeFi activities such as lending, borrowing, and yield farming to Bitcoin holders."
murad-picks,Murad Picks,Tokens promoted by a memecoin KOL @MustStopMurad.
account-abstraction,Account Abstraction,Account abstraction aims to simplify the way users interact with dApps by doing away with the complexities of gas fees and transaction management.
entertainment,Entertainment,"Projects that are specifically designed to be used within the entertainment sector, which may include areas such as music, film, gaming, and other forms of digital media."
cat-themed-coins,Cat-Themed,Meme coins which are inspired by cat.
defai,DeFAI,"DeFAI or AIFI projects leverage AI to streamline and automate DeFi activities such as trading, staking, yield farming, market analysis, and investment optimization."
bridged-dai,Bridged DAI,"Bridged DAI refers to DAI that has been transferred from its native blockchain to a different blockchain through ""bridging'."
simulation-games,Simulation Games,"Simulation game replicates real-world activities, offering players the opportunity to experience different skills or activities in a virtual environment."
rpg,RPG,"Role-playing game (RPG) is a video game genre where players control a single or group of character in a fictional world. RPG games typically include elements of storytelling, character development, exploration, quests, and inventory management."
vpn,VPN,"A Virtual Private Network (VPN) is a technology that creates an encrypted connection, allowing users to securely access and transmit data as though their devices were directly connected to a private network."
liquid-staked-hype,Liquid Staked HYPE	,Liquid staked HYPE is a tokenized representation of staked HYPE that can be traded or used in various DeFi applications.
eur-stablecoin,EUR Stablecoin,A EUR stablecoin is a type of cryptocurrency that is designed to maintain a stable value by being pegged to the Euro.
bridged-wsteth,Bridged wstETH,"Bridged wstETH refers to Wrapped Staked ETH (wstETH) that has been transferred from its native blockchain to a different blockchain through ""bridging""."
gaming-platform,Gaming Platform,"Gaming platform allows users to play, download, and manage video games. They often provide features like multiplayer matchmaking, community forums, and in-game purchases."
four-meme-ecosystem,Four.meme Ecosystem (BNB Memes),Four.meme Ecosystem consists of tokens launched via four.meme on BNB Chain.
synthetic,Synthetic,"This category includes both synthetic asset issuers and the synthetic assets themselves. Synthetic assets are on-chain tokens that replicate the price behavior of another asset, whether it’s a fiat currency, commodity, or stock using smart contracts and pr"
bridge-governance-tokens,Bridge Governance Tokens,A bridge governance token is a type of cryptocurrency token that is used to manage and govern a blockchain bridge.
cefi,CeFi,
base-meme-coins,Base Meme,Meme coins native to the Base network.
stock-market-themed,Stock market-themed,Meme coins related to the stock market.
rub-stablecoin,RUB Stablecoin,A RUB stablecoin is a type of cryptocurrency that is designed to maintain a stable value by being pegged to the Russian Ruble (RUB).
liquid-restaked-eth,Liquid Restaked ETH,Liquid Restaked ETH is a tokenized representation of restaked Ethereum that can be traded or used in various DeFi applications.
hyperunit-ecosystem,Hyperunit Ecosystem,"The HyperUnit Ecosystem includes wrapped tokens like Unit Bitcoin, Unit Ethereum, and Unit Solana, which represent native assets such as BTC, ETH, and SOL bridged into the Hyperliquid platform. These tokens can be traded and used across Hyperliquid’s tradi"
binance-buildkey-tge,Binance Buildkey TGE,The BuildKey TGE Model is a hybrid Token Generation Event (TGE) framework developed by Aspecta in collaboration with Binance Wallet.
on-chain-gaming,On-chain Gaming,"On-chain games refer to games where all components, including game logic, assets, interactions, and characteristics, are stored directly on the blockchain."
yield-aggregator,Yield Aggregator,"Yield aggregators are protocols that collate multiple yield farms in a single place in order to ease the process of farming. With many new farms popping up on the market, it can be tedious for one to hop from farm to farm. However, with yield aggregators, "
tokenfi-launchpad,TokenFi Launchpad,TokenFi Launchpad is a platform for crypto projects to hold Initial DEX Offerings (IDOs). Participants are able to gain early access to public and special token sales on the platform.
ondo-tokenized-assets,Ondo Tokenized Assets,"Ondo Tokenized Assets are on-chain tokens that represent economic exposure to traditional stocks and ETFs, with each token typically backed 1:1 by the underlying security held in custody."
lsdfi,LSDFi,Liquid Staking Derivatives Finance (LSDFi) combines the principles of liquid staking derivatives with traditional DeFi applications to offer enhanced financial opportunities and flexibility to cryptocurrency users.
buidlpad-launchpad,Buidlpad Launchpad,Buidlpad is a launchpad that enables token sales with KYC-verified participants.
seigniorage,Seigniorage,"In the case of algorithmic stablecoins, seigniorage is generated when the stablecoin's value rises above its peg (e.g., $1). The protocol can then mint new tokens and sell them on the open market, generating revenue. This revenue is used to maintain the st"
card-games,Card Games,"Crypto card games are digital card games that utilize blockchain technology allowing players to collect, trade, and play with unique digital cards often represented as NFTs."
rebase-tokens,Rebase Tokens,"Rebase tokens are cryptocurrencies that are usually pegged to a certain value, and they control their prices by algorithmically adjusting their token’s circulating supply.  "
decentralized-science-desci,Decentralized Science (DeSci),"Decentralized Science aims to leverage the blockchain and Web3 tools to create an open ecosystem to conduct, and disseminate scientific research. "
tokenized-silver,Tokenized Silver,Tokenized silver refers to digital representation of physical silver on a blockchain platform. 
avalanche-subnet,Avalanche L1,Avalanche L1 are specialized sets of validators on Avalanche that allow the creation of customized independent networks with specific rules and governance to enable scalable and tailored blockchain solutions for various applications.
fixed-interest,Fixed Interest,Protocols that involved in providing financial products that include fixed interest.
midas-liquid-yield-tokens,Midas Liquid Yield Tokens,Midas Liquid Yield Tokens refer to liquid yield tokens issued by Midas and offered on https://midas.app/.
terminal-of-truths,Terminal of Truths,Terminal of Truths refers to tokens mentioned by https://x.com/truth_terminal.
synthetic-issuer,Synthetic Issuer,Issuer of synthetic asset.
chinese-meme,Chinese Meme,"Chinese meme coins are inspired by China memes, cultural elements, or internet phenomena."
nft-marketplace,NFT Marketplace,"A NFT marketplace is a platform where users can buy, sell, and trade NFTs."
infofi,InfoFi,"InfoFi combines blockchain and AI to monetise and trade attention, influence, and data as assets. It uses decentralised platforms to aggregate, verify, and distribute information, enabling users to be rewarded from their engagement or content.

"
intent,Intent,"Intents are signed messages that simplify on-chain goals. They are handled by solvers to enhance user experiences, optimize transactions, and incentivize efficient execution paths."
yield-tokenization,Yield Tokenization Protocol,"Yield tokenization protocol refers to protocol taking a yield-bearing asset and splitting the future yield stream out to distinct token.
"
axie-infinity,Axie Infinity Ecosystem,
communication,Communication,
lrtfi,LRTfi,"LRTfi refers to DeFi protocols that are built upon Liquid Restaking Tokens, allowing users to earn additional yield from their staked assets by restaking them."
insurance,Insurance,"Decentralized insurance provides the infrastructure for members to buy cover, underwrite risk, assess claims, and build risk management businesses."
breeding,Breeding,"Breeding games involve players using blockchain technology to breed unique digital creatures or items, represented as NFTs, creating offspring with potentially enhanced value and rarity."
gaming-marketplace,Gaming Marketplace,"A platform where players can buy, sell, or trade in-game assets, currencies, or digital items."
echo-launchpad,Echo Launchpad,Echo.xyz is a decentralized launchpad that enables early-stage project funding.
tradable-ecosystem,Tradable Ecosystem,Tradable Ecosystem consists of assets tokenised by https://www.tradable.xyz/.
appchains,Appchains,"An appchain (application-specific blockchain) is a specialized blockchain designed to optimize performance and efficiency, tailored for particular tasks or specific use cases."
synths,Synthetic Asset,"Synthetic assets are financial instruments that mimic the value of assets, such as stocks, bonds, commodities, or cryptocurrencies."
yield-optimizer,Yield Optimizer,Yield optimizer passively maximizing return by using an automated service that actively managing the fund.
centralized-exchange-cex-product,Centralized Exchange (CEX) Product,"A centralized exchange (CEX) product refers to services or features offered by centralized cryptocurrency exchanges, such as launchpads or launchpools. "
impossible-launchpad,Impossible Finance Launchpad,Impossible Finance Launchpad is a platform for crypto projects to hold Initial DEX Offerings (IDOs). Participants are able to gain early access to public and special token sales on the platform.
fan-token,Fan Token,"Fan tokens let sporting organizations and other celebrities engage with their communities, where holders can access exclusive benefits."
xstocks-ecosystem,BackedFi xStocks Ecosystem,xStocks refers to the tokenized stocks and ETFs issued by BackedFi.
nftfi,NFTFi,NFTFi combines NFTs with DeFi to provide financial utility and liquidity to NFTs.
metagovernance,Metagovernance,Metagovernance refers to projects or protocols that primarily hold DAO tokens and actively participates in the governance process of those DAOs.
yearn-yfi-partnerships-mergers,Yearn Ecosystem,"Interconnected platforms and services built around Yearn.
"
tokenized-stock,Tokenized Stock,Tokenized stock refers to digital representation of stock on a blockchain platform.
rollups-as-a-service-raas,Rollups-as-a-Service (RaaS),Rollups-as-a-Service (RaaS) streamlines the deployment and maintenance of custom application-specific rollups by offering a simplified interface including no-code deployment options.
parody-meme-coins,Parody Meme,"Meme coins which are inspired by the names of well-known brands, individuals, or cultural icons."
layer-3-l3,Layer 3 (L3),"Layer 3 protocols are built on Layer 2, enabling hosting of application-specific decentralized applications while addressing issues such as scalability, interoperability and customization."
zoo-themed,Zoo-Themed,Meme coins related to animals in the zoo.
runes,Runes,Runes is a token standard on Bitcoin that improve the creation of fungible tokens on the blockchain.
e-commerce,E-commerce,"Tokens or projects that facilitate online shopping, digital marketplaces, and payment solutions within the e-commerce industry."
education,Education,Decentralized educational platform built on blockchain technology.
music,Music,"Cryptocurrency projects that are related to music is aimed at disrupting the record publishing industry. The goal is to simplify the process of tracking, collecting, and distributing song royalties to musicians in a decentralized manner. Fans are also able"
action-games,Action Games,"Fast-paced games that emphasize combat, reflexes, and real-time challenges."
daomaker-ecosystem,DaoMaker Launchpad,DaoMaker Launchpad is a platform for crypto projects to hold Initial DEX Offerings (IDOs). Participants are able to gain early access to public and special token sales on the platform.
letsbonk-fun-ecosystem,BONK.fun Ecosystem,LetsBONK.fun Ecosystem consists of tokens launched via letsbonk.fun.
defi-index,DeFi Index,A DeFi index is an indicator that tracks the performance of a group of DeFi cryptocurrencies.
bitcoin-meme,Bitcoin Meme,Meme coins native to the Bitcoin network.
olympus-pro,Olympus Pro Ecosystem,"Olympus Pro designed to provide liquidity management solutions for DeFi protocols. They offers a service called ""bonds-as-a-service,"" which allows protocols to own their liquidity by offering discounted OHM tokens in exchange for liquidity provider (LP) to"
retail,Retail,"Retail involves the sale of goods and services to consumers for their personal use, rather than for resale on blockchain."
inscriptions,Inscriptions,Inscriptions are metadata added to units of cryptocurrencies
compound-tokens,Compound Tokens,Compound Tokens are balance tokens on the Compound Finance Protocol which represents a lending balance on the Compound money market.
brc-20,BRC-20,BRC-20 is a token standard on the Bitcoin blockchain that allows for the creation of tokens that represent ownership of assets. 
energy,Energy,"Projects focused on renewable energy, green technology, and sustainable practices within the cryptocurrency ecosystem."
tiktok-meme,TikTok Meme,TikTok Meme Coins are tokens inspired by viral TikTok trends. 
eco-friendly,Regenerative Finance (ReFi),"Regenerative finance (ReFi) aims to create economic systems that go beyond generating financial returns to focus on restoring and enhancing social, environmental, and economic well-being. "
massively-multiplayer-online-mmo,MMO,Online games that host large numbers of players.
marketing,Marketing,It combines the existing Web2 and Web3 marketing channels to identify the most valuable audiences and reward them through on and off-chain rewards.
liquid-staked-sui,Liquid Staked SUI,Liquid staked SUI is a tokenized representation of staked Sui that can be traded or used in various DeFi applications.
healthcare,Healthcare,A coin or token that leverages blockchain technology to improve various aspects of the healthcare industry.
real-estate,Tokenized Real Estate,"Tokenized real estate in crypto refers to the integration of blockchain technology and cryptocurrencies into the real estate market. This can involve tokenizing real estate assets, which means dividing the ownership of a property into digital tokens that c"
tap-to-earn,Tap to Earn,"Tap-to-earn (T2E) combines simple and addictive gameplay with the potential to earn cryptocurrency. These games, often hosted on platforms like Telegram, allow users to earn digital assets by performing actions such as repeatedly tapping on a screen. "
wojak-themed,Wojak-Themed,Meme coins related to Wojak.
clanker-ecosystem,Clanker Ecosystem,"Clanker Ecosystem consists of tokens launched via Clanker, an autonomous memecoin launcher."
legal,Legal,Legal industry handles subjective disputes that cannot be solved by smart contracts.
adventure-games,Adventure Games,"Adventure game is a video game genre where players embark on a journey in a narrative-driven world, solving puzzles, interacting with characters, and making decisions that can influence the outcome of the story. "
ton-meme-coins,TON Meme,Meme coins native to the TON network.
move-to-earn,Move To Earn,The move-to-earn model is often implemented through mobile applications that use technologies such as GPS tracking to monitor users' physical activity. These apps then reward users with tradable tokens or NFTs based on the distance they cover or the number
arcade-games,Arcade Games,"Classic-style games with simple mechanics, high replayability, and score-based progression."
timefi,TimeFi,"TimeFi is a blockchain-based approach to treating time as a monetizable asset through tokenized productivity, verifiable commitments, and AI-driven incentives."
metadao-launchpad,MetaDAO Launchpad,"MetaDAO Launchpad (https://metadao.fi/) is a Solana-based platform designed to facilitate decentralized project launches and funding, leveraging futarchy-based governance to align community and market incentives."
discord-bots,Discord Bots,"Discord bots are tools that automate tasks to the Discord server, making them more engaging and interactive for users."
commodity-backed-stablecoin,Commodity-backed Stablecoin,A commodity-backed stablecoin is a type of stablecoin designed to maintain a stable value by being pegged to a reserve of physical commodities such as gold.
trading-bots,Trading Bots,"Trading bots are automated software programs that execute cryptocurrency trades based on predefined rules or algorithms. They analyze market data like price, volume, and order book activity to make buy or sell decisions without human intervention."
binance-megadrop,Binance Megadrop,"Binance Megadrop is an airdrop program by Binance. It allows users to earn rewards by subscribing to BNB to Locked Products and completing tasks within their Binance Web3 Wallet.
"
hybrid-token-standards,Hybrid Token Standards,Hybrid Token Standards allow tokens to have characteristics of both fungible assets and non-fungible tokens.
game-studio,Game Studio,"A game studio develops video games using blockchain technologies, integrating NFTs, cryptocurrencies, and smart contracts to enable player ownership and the trading of in-game assets"
farcaster-ecosystem,Farcaster Ecosystem,It consists of native tokens on Farcaster Ecosystem.
quest-to-earn,Quest-to-Earn,"Quest-to-Earn refers to a gamified system in which users complete specific tasks or challenges to earn rewards, which can be in the form of points, tokens, or other incentives."
sports-games,Sports Games,"Sports game simulates the playing of real-world sports including sports such as football, badminton and basketball."
strategy-games,Strategy Games,"Strategy game is a video game genre where players engage in planning, resource management, and decision-making to achieve specific objectives."
memorial-themed,Memorial Themed,Meme coins dedicated to animals that died too soon or were tragically killed.
liquid-staked-apt,Liquid Staked APT	,Liquid staked APT is a tokenized representation of staked Aptos that can be traded or used in various DeFi applications.
trading-card-rwa-platform,Trading Card RWA Platform,"Trading Card RWA Platforms tokenize physical collectible cards (e.g., Pokémon, sports cards) on a blockchain. The physical cards are stored with a custodian or vault, and each blockchain token represents ownership of the real-world card. This enables featu"
poolz-finance-launchpad,Poolz Finance Launchpad,Poolz Finance Launchpad is a platform for crypto projects to hold Initial DEX Offerings (IDOs). Participants are able to gain early access to public and special token sales on the platform.
celebrity-themed-coins,Celebrity-Themed,Meme coins which are inspired by celebrity.
believe-app-ecosystem,Believe.app Ecosystem,Believe.app Ecosystem consists of tokens launched via believe.app.
capital-launchpad,Capital Launchpad,Capital Launchpad is a Web3 crowdfunding platform by Kaito that connects early-stage crypto projects with investors through a merit-based allocation system.
guild-scholarship,Guild and Scholarship,Guilds are decentralized autonomous organizations (DAOs) that invests in NFTs like game assets and rent them out to players. Players who receive rented game items are known as scholars and can be said to receive a scholarship. Guilds are an important compo
desci-meme,Desci Meme,
decentralized-social-media-desoc,Decentralized Social Media (DeSOC),"Decentralized Social Media (DeSOC) refers to social media platforms and protocols that operate without a central authority over user data, content, or infrastructure."
nft-strategy-flywheel,NFT Strategy Flywheel,The NFT Strategy Flywheel is a DeFi-NFT hybrid model that automates NFT accumulation and token burning using trading fees to drive continuous buy pressure and value accrual for token holders.
tourism,Tourism,A coin or token that leverages blockchain technology to improve various aspects of the tourism industry.
anime-themed-coins,Anime-Themed,Meme coins which are inspired by anime.
augmented-reality,Augmented Reality,"Augmented Reality (AR) offers interactive experiences without disconnecting users from the real world, allowing them to interact with digital elements in a real-world context."
nftstrategy-ecosystem,NFTStrategy Ecosystem,"NFTStrategy is an automated protocol that converts crypto trading fees into buying and selling floor NFTs, creating a self-sustaining value loop for NFT collections."
shooting-games,Shooting Games,Shooting games allow players to engage in combat by shooting enemies and objects. They can be presented in various perspectives including first-person or third-person views.
charity,Charity,Charity tokens and coins involves using cryptocurrencies to support charitable causes. 
chaingpt-pad,ChainGPT Launchpad,ChainGPT Lauchpad is a platform for crypto projects to hold Initial DEX Offerings (IDOs). Participants are able to gain early access to public and special token sales on the platform.
virtual-reality,Virtual Reality,Virtual reality (VR) uses computer-generated environments to create a simulated experience for users.
liquid-restaked-sol,Liquid Restaked SOL,Liquid Restaked SOL is a tokenized representation of restaked Ethereum that can be traded or used in various DeFi applications.
paal-ai,PAAL AI Launchpad,"Projects incubated by PAAL AI, an AI-centric ecosystem built using Custom Data Feed and LLMs."
wormhole-assets,Wormhole Assets,"The Wormhole project is a bidirectional, decentralized SPL token bridge between Solana and EVM chains."
tokenized-exchange-traded-funds-etfs,Tokenized Exchange-Traded Funds (ETFs),"Tokenized Exchange-Traded Funds (ETFs) refers to digital representation of exchange-traded funds such as SPY, GLD, TQQQ, XLK, VXUS on a blockchain platform."
wall-street-bets-themed-coins,Wall Street Bets Themed,Meme coins which are inspired by the popular subreddit r/WallStreetBets.
sui-meme,Sui Meme,Meme coins native to the Sui network.
ohm-fork,Ohm Fork,An Ohm fork is a change to the underlying code of the Olympus DAO's OHM protocol that results in a split into a separate versions of the protocol.
racing-games,Racing Games,Racing game involves competing in races with various vehicles. These games can range from realistic simulations to arcade-style fast-paced action.
leveraged-token,Leveraged Token,Leveraged crypto token is a type of financial instrument hat allows traders to amplify their exposure to the price movements of an underlying cryptocurrency.
jupiter-dtf,Jupiter DTF Launchpad,Jupiter Decentralized Token Formation (DTF) is a decentralized launchpad platform launched by Jupiter Exchange.
fractionalized-nft,Fractionalized NFT,NFT that is being divided into smaller pieces which have more affordable pieces.
mascot-themed,Mascot-Themed,Meme coins related to Mascot.
tron-meme,TRON Meme,Meme coins native to the TRON network.
camelot-launchpad,Camelot Launchpad,Camelot Launchpad is a platform for crypto projects to hold Initial DEX Offerings (IDOs). Participants are able to gain early access to public and special token sales on the platform.
jpy-stablecoin,JPY Stablecoin,A JPY stablecoin is a type of cryptocurrency that is designed to maintain a stable value by being pegged to the Japanese yen.
nft-lending-borrowing,NFT Lending/Borrowing,"Individuals can use their NFTs as collateral to secure loans, or lend out their NFTs to others in exchange for interest, creating liquidity without the need to sell the NFTs themselves."
tokensets,TokenSets Ecosystem,Interconnected platforms and services built around TokenSets.
token-2022,Solana Token-2022,Solana Token-2022 is a new token standard on Solana that provides additional fungible and non-fungible token functionality.
moonshot-ecosystem,Moonshot Ecosystem,Moonshot Ecosystem consists of tokens launched via https://moonshot.money/.
sun-pump-ecosystem,Sun Pump Ecosystem,Sun Pump Ecosystem consists of tokens launched via sunpump.meme.
sgd-stablcoin,SGD Stablcoin,A SGD stablecoin is a type of cryptocurrency that is designed to maintain a stable value by being pegged to the Singapore dollar.
idr-stablecoin,IDR Stablecoin,A IDR stablecoin is a type of cryptocurrency that is designed to maintain a stable value by being pegged to the Indonesian rupiah.
nft-launchpad,NFT Launchpad,Platforms that enable users to deploy and launch their own NFT projects.
animal-racing,Animal Racing,Animal racing tokens are digital tokens used in virtual animal racing games.
gotchiverse,Gotchiverse,"Assets and tokens that are used in Gotchiverse, a metaverse game based on the Aavegotchi project."
creatorbid-ecosystem,CreatorBid Ecosystem,CreatorBid Ecosystem consists of tokens launched via creator.bid.
yield-tokenization-product,Yield Tokenization Product,"Yield tokenization product refers to converting the expected future yield or returns from an asset into tradable tokens on a blockchain, allowing for the trading, management, and optimization of yield independently from the underlying asset."
sticker-themed-coin,Sticker-Themed Coins,Meme coins inspired by Telegram Sticker Packs
prestocks-ecosystem,PreStocks Ecosystem,"PreStocks Ecosystem consists of tokenized pre-IPO stocks offered by <a href=""https://x.com/PreStocksFi"" target=""_blank"">PreStocks</a>."
etf,ETF,"Exchange Traded Fund (ETF) is product that holds a basket of assets such as stocks, bonds, commodities, or crypto."
country-themed-meme-coins,Country-Themed Meme,Meme Coins which are inspired by countries but are not affiliated with any specific nation.
decentralized-lottery,Decentralized Lottery,A decentralized lottery is a blockchain-based lottery system that conducts draws through smart contracts.
zora-creator-coins,Zora Creator,"Zora Creator Coins are profile-level tokens on the Zora platform, a blockchain-based social network focused on the creator economy. Each Zora account has its own unique Creator Coin, represented by the user's username as the ticker symbol (e.g., $username)"
bagsapp-ecosystem,BagsApp Ecosystem,BagsApp Ecosystem consists of tokens launched via bags.fm.
spl22,SPL22,SPL22 is a hybrid token extension of the Solana blockchain that combines the features of both fungible and non-fungible tokens. 
fighting-games,Fighting Games,Fighting game centered around combat between two or more number of characters.
market-making-solution,Market-Making Solution,A Market-Making Solution refers to a service that enhances liquidity in markets by consistently offering buy and sell orders.
realt-tokens,RealT Tokens,
cny-stablecoin,CNY Stablecoin,A CNY stablecoin is a type of cryptocurrency that is designed to maintain a stable value by being pegged to the Chinese Yuan Renminbi.
bridged-frax,Bridged FRAX,"Bridged FRAX refers to Wrapped FRAX that has been transferred from its native blockchain to a different blockchain through ""bridging""."
gbp-stablecoin,GBP Stablecoin,A GBP stablecoin is a type of cryptocurrency that is designed to maintain a stable value by being pegged to the British pound sterling.
reddit-points,Reddit Points,"Reddit Community Points are blockchain tokens that are owned and controlled by a specific Reddit community. With these point tokens, a community member can own a piece of their favorite subreddit. The points can be earned through contributions in the commu"
recruitment-solutions,Recruitment,"Recruitment solutions designed to streamline and optimize the process of sourcing, screening, and hiring candidates for businesses. "
remora-markets-tokenized-rstocks,Remora Markets Tokenized rStocks,"Remora Markets Tokenized rStocks are on-chain tokens that represent economic exposure to traditional stocks, with each token typically backed 1:1 by the underlying security held through a regulated custodian"
bridged-wbnb,Bridged WBNB,"Bridged WBNB refers to Wrapped BNB that has been transferred from its native blockchain to a different blockchain through ""bridging""."
farming-as-a-service-faas,Farming-as-a-Service (FaaS),"Farming-as-a Service simplifies the process of yield farming by handling the technical aspects, such as choosing the right liquidity pools, managing the staking or lending process, and optimizing the yield."
cookie-launchpad,Cookie Launchpad,"Cookie Launchpad is a token sale platform operated by Cookie DAO that allocates participation opportunities in three pools: one for top users ranked by on-chain and social engagement ('capital mindshare' via Cookie Snaps), one for $COOKIE token stakers in "
privacy-focused-browser,Privacy-focused Browser,"A privacy browser is a browser built or hardened to block trackers, ads, fingerprinting, and data leaks by default, keeping your activity more private from websites and advertisers."
erc-404,ERC 404,ERC-404 is an experimental token standard that aims to bridge fungible tokens and NFTs to enable liquidity and fractionalization.
christmas-themed,Christmas Themed,"Meme coins themed around Christmas, inspired by holiday traditions, symbols, and celebrations."
krw-stablecoin,KRW Stablecoin,A KRW stablecoin is a type of cryptocurrency that is designed to maintain a stable value by being pegged to the Korean won.
drc-20,DRC-20,DRC-20 is a token standard on the Dogecoin blockchain that allows for the creation of tokens that represent ownership of assets. 
pump-fun-creator,Pump.fun Creator,"Pump.fun creator tokens are Solana-based memecoins tied to influencers, blending streaming culture with DeFi."
zodiac-themed,Zodiac-Themed,Meme coins related to zodiac signs.
aarna-vault-tokens,aarna Vault Tokens,"aarna Vault Tokens are vault-specific ERC-20 tokens representing shares in aarnâ's tokenized vaults. Users deposit stablecoins like USDC/USDT into AI-managed or yield-optimizing vaults and receive these tokens in return, which track the vault's net asset v"
nft-index,NFT Index,A NFT index is an indicator that tracks the performance of a group of NFT cryptocurrencies.
daos-fun-ecosystem,daos.fun Ecosystem,daos.fun Ecosystem consists of tokens that have active hedge funds on daos.fun.
pump-science-ecosystem,Pump Science Ecosystem,Pump Science Ecosystem consists of tokens launched via pump.science.
duck-themed-coins,Duck-Themed,Meme coins which are inspired by duck.
kommunitas,Kommunitas Launchpad,Kommunitas Launchpad is a platform for crypto projects to hold Initial DEX Offerings (IDOs). Participants are able to gain early access to public and special token sales on the platform.
emoji-themed,Emoji-Themed,Meme coins related to emoji.
flaunch-ecosystem,Flaunch Ecosystem,Flaunch Ecosystem consists of tokens launched via flaunch.gg.
bridged-wavax,Bridged WAVAX,"Bridged WAVAX refers to Wrapped AVAX that has been transferred from its native blockchain to a different blockchain through ""bridging""."
stx-city-ecosystem,STX.CITY Ecosystem,STX.CITY Ecosystem consists of tokens launched via STX.CITY.
time-fun-ecosystem,Time.fun Ecosystem,Time.fun Ecosystem consists of tokens launched via time.fun.
spore-fun-ecosystem,Spore.fun Ecosystem,Spore.fun Ecosystem consists of tokens launched via spore.fun.
tower-defense-games,Tower Defense Games,"A tower defense game is a strategy game where players build and place defensive structures or ""towers"" to stop enemies from reaching the base. "
farming-games,Farming Games,"Farming game allows players to simulate farming life, focusing on activities such as planting and harvesting crops, raising livestock, and managing resources."
erc20i,ERC20i,ERC20i is a token standard on Base blockchain that extends the capabilities of ERC-20 tokens by adding native inscriptions.
yearn-vault-tokens,Yearn Vault Tokens,"Yearn Vault Tokens (yVault Token), is a type of token that represents a user's share in a Yearn Vault."
dn-404, DN-404,"The ""Divisible NFT"" standard (DN-404) aims to be a hybrid of ERC20 and ERC721 that could act as an NFT with native fractionalization built in."
hyperxpad-launchpad,HyperXpad Launchpad,HyperXpad Launchpad is a platform for crypto projects to hold Initial DEX Offerings (IDOs). Participants are able to gain early access to public and special token sales on the platform.
flooring-protocol,Floor Protocol Tokens,"Floor Protocol is a fractionalized NFT platform. It allows the fragmentation of NFTs from prominent collections into μTokens, which can then be traded like any other cryptocurrency."
puzzle-games, Puzzle Games,"A puzzle game challenges players to solve problems and use logic or creativity to progress. These games often involve tasks like pattern recognition, spatial reasoning, wordplay, or strategic planning."
nft-aggregator,NFT Aggregator,"NFT aggregators work by pulling together listings, sales data, and other relevant information from multiple NFT marketplaces into one unified interface."
asc-20,ASC-20,ASC-20 is a token standard on the Avalanche blockchain that allows for the creation of tokens that represent ownership of assets.
src-20,SRC-20,"The SRC-20 standard issues fungible tokens on the Bitcoin blockchain, attaching data via UTXOs for immutable and non-prunable storage."
opinions-fun-ecosystem,Opinions.fun Ecosystem,The Opinions.fun Ecosystem consists of tokens launched through Opinions.fun.
nft-amm,NFT AMM,"A Decentralized exchange model adapted for NFTs, which leverages liquidity pools to facilitate the trading of NFTs without the need for a traditional order book."
atomicals-arc-20,Atomicals (ARC-20),"ARC-20 is a token standard on the Bitcoin blockchain that allows for the creation of fungible tokens, also known as colored coins."
index-coop-metaverse-index,Index Coop Metaverse Index,"The Metaverse Index (MVI) is designed to capture the trend of entertainment, social activity and business moving to take place in virtual economies, powered by NFTs and blockchain technology."
bitstarters-launchpad,BitStarters Launchpad,BitStarters Launchpad is a platform for crypto projects to hold Initial DEX Offerings (IDOs). Participants are able to gain early access to public and special token sales on the platform.
friend-tech,Friend.tech Ecosystem,Interconnected platforms and services built around Friend.tech.
gate-fun-ecosystem,Gate Fun Ecosystem,Gate Fun Ecosystem consists of tokens launched via Gate Fun.
dinari-ecosystem,Dinari Ecosystem,The Dinari Ecosystem comprises tokens tokenized by Dinari.
learn-to-earn,Learn to Earn,"Learn to Earn project allows users to earn cryptocurrency rewards by completing lessons, watching videos, and passing quizzes about blockchain, specific tokens, or Web3 concepts."
ethereum-ecosystem,Ethereum Ecosystem,
binance-smart-chain,BNB Chain Ecosystem,"BNB Chain is an alternative blockchain that is similar to Ethereum, capable of hosting smart contracts and decentralized applications. It was launched by Binance in September 2020 as the Binance Smart Chain, and relaunched in Feburary 2022 as BNB Chain. BN"
solana-ecosystem,Solana Ecosystem,"Solana is a general purpose blockchain similar to Ethereum. The underlying architecture is different, such that developers have to write applications using Rust instead of Solidity or Vyper. However, this may soon change with the introduction of the Neon E"
base-ecosystem,Base Ecosystem,
polygon-ecosystem,Polygon Ecosystem,"Polygon, formerly known as Matic, was originally meant to be a Layer-2 scaling solution for Ethereum to improve transaction throughput and speed. However, it has since become more popular as a stand-alone blockchain, with its own native projects and decent"
arbitrum-ecosystem,Arbitrum Ecosystem,
avalanche-ecosystem,Avalanche Ecosystem,Avalanche is a smart contract platform that allows users to create their own multi-purpose blockchains or decentralized applications (dApps). Their mainnet was launched in September 2020 and has since become a major hub of activity for DeFi and NFTs. In 20
fantom-ecosystem,Fantom Ecosystem,"FANTOM is a new DAG-based smart contract platform that intends to solve the scalability issues of existing public distributed ledger technologies.
The platform intends to distinguish itself from the traditional block ledger-based storage infrastructure by"
optimism-ecosystem,Optimism Ecosystem,
ton-ecosystem,TON Ecosystem,"Protocols built on The Open Network (TON), a blockchain designed using technology from Telegram. "
sui-ecosystem,Sui Ecosystem,
xdai-ecosystem,Gnosis Chain Ecosystem,"Formerly the xDai Chain, The Gnosis chain is a Layer 2 scaling solution for Ethereum but uses a different consensus algorithm - Proof of Stake (PoS) and Proof of Stake DAO (POSDAO). It is designed to be more efficient than Ethereum, with higher transaction"
cronos-ecosystem,Cronos Ecosystem,
tron-ecosystem,Tron Ecosystem,
osmosis-ecosytem,Osmosis Ecosystem,
chiliz-ecosystem,Chiliz Ecosystem,
blast-ecosystem,Blast Ecosystem,
cardano-ecosystem,Cardano Ecosystem,
bitcoin-ecosystem,Bitcoin Ecosystem,
bittensor-ecosystem,Bittensor Ecosystem,Interconnected platforms and services built around Bittensor.
sonic-ecosystem,Sonic Ecosystem,
harmony-ecosystem,Harmony Ecosystem,"Harmony is a blockchain platform that is designed to act as a bridge between scalability and interoperability. Its focus is on processing speed and validation of blocks. It can be used to create decentralized applications (DApps), and is currently focused "
hyperevm-ecosystem,HyperEVM Ecosystem,
linea-ecosystem,Linea Ecosystem,
energi-ecosystem,Energi Ecosystem,
klaytn-ecosystem,Kaia Ecosystem,"Kaia is a blockchain platform developed by Ground X, a subsidiary of Kakao. It emphasizes scalability, user-friendliness, and enterprise integration for decentralized applications. The Klay token is used within the ecosystem for all platform transactions, "
near-protocol-ecosystem,Near Protocol Ecosystem,"NEAR is a sharded, developer-friendly, proof-of-stake public blockchain. It is designed to compete with Ethereum by providing a similar experience with decentralized applications and smart contracts, but with lower fees and higher throughput. The blockchai"
berachain-ecosystem,Berachain Ecosystem,Berachain is an EVM-compatible blockchain built on Proof-of-Liquidity consensus. 
mantle-ecosystem,Mantle Ecosystem,
aptos-ecosystem,Aptos Ecosystem,
xrp-ledger-ecosystem,XRP Ledger Ecosystem,
abstract-ecosystem,Abstract Ecosystem,
hedera-ecosystem,Hedera Ecosystem,
bitcichain-ecosystem,Bitcichain Ecosystem,
algorand-ecosystem,Algorand Ecosystem,
scroll-ecosystem,Scroll Ecosystem,Scroll is a Layer 2 network that aims to extend Ethereum's capabilities through zero knowledge (ZK) tech and EVM compatibility.
celo-ecosystem,Celo Ecosystem,
metis-ecosystem,Metis Ecosystem,
cosmos-ecosystem,Cosmos Ecosystem,"Cosmos focuses on blockchain interoperability, working towards the vision of building the “Internet of Blockchains.”"
plume-network-ecosystem,Plume Network Ecosystem,
stellar-ecosystem,Stellar Ecosystem,
hyperliquid-ecosystem,Hyperliquid Ecosystem,
tezos-ecosystem,Tezos Ecosystem,
moonriver-ecosystem,Moonriver Ecosystem,
sei-v2-ecosystem,Sei Network Ecosystem,
multiversx-ecosystem,MultiversX Ecosystem,
sora-ecosystem,Sora Ecosystem,
x-layer-ecosystem,X Layer Ecosystem,
starknet-ecosystem,Starknet Ecosystem,
internet-computer-ecosystem,Internet Computer Ecosystem,
core-ecosystem,Core Ecosystem,
mode-ecosystem,Mode Ecosystem,
dot-ecosystem,Polkadot Ecosystem,"Polkadot is a blockchain protocol designed to support multiple purpose-built blockchains under one unified network. Polkadot’s infrastructure begins with the relay chain, which acts as the central chain. Each chain that runs on Polkadot is called a paracha"
aurora-ecosystem,Aurora Ecosystem,
ronin-ecosystem,Ronin Ecosystem,"Protocols that are built on the Ronin network, an EVM-compatible blockchain designed for games."
terra-ecosystem,Terra Ecosystem,"Terra is a blockchain network that builds on the Tendermint consensus (Proof-of-Stake) and the Cosmos SDK toolkit. Terra’s network token is LUNA which powers the entire ecosystem. Unlike most blockchains, Terra’s ecosystem includes a native algorithmic sta"
manta-network-ecosystem,Manta Network Ecosystem,"Protocols that are built on the Manta network, an EVM-compatible ZK-application platform."
plasma-ecosystem,Plasma Ecosystem,
monad-ecosystem,Monad Ecosystem,
archway-ecosystem,Archway Ecosystem,
stacks-ecosystem,Stacks Ecosystem,
unichain-ecosystem,Unichain Ecosystem,
kava-ecosystem,Kava Ecosystem,
kaspa-ecosystem,Kaspa Ecosystem,
huobi-eco-chain-ecosystem,Huobi ECO Chain Ecosystem,
xdc-ecosystem,XDC Ecosystem,
fuse-ecosystem,Fuse Ecosystem,
fraxtal-ecosystem,Fraxtal Ecosystem,
polygon-zkevm-ecosystem,Polygon zkEVM Ecosystem,
viction-ecosystem,Viction Ecosystem,
soneium-ecosystem,Soneium Ecosystem,
ink-ecosystem,Ink Ecosystem,
iotex-ecosystem,IoTeX Ecosystem,
injective-ecosystem,Injective Ecosystem,
terra-classic-ecosystem,Terra Classic Ecosystem,
world-chain-ecosystem,World Chain Ecosystem,
merlin-chain-ecosystem,Merlin Chain Ecosystem,
radix-ecosystem,Radix Ecosystem,
flare-network-ecosystem,Flare Network Ecosystem,
canto-ecosystem,Canto Ecosystem,
zetachain-ecosystem,ZetaChain Ecosystem,Zetachain is a Proof of Stake (PoS) blockchain built on the Cosmos SDK and Tendermint PBFT consensus engine. It is designed to facilitate fast transactions and instant finality across interconnected blockchains.
secret-ecosystem,Secret Ecosystem,
rootstock-ecosystem,Rootstock Ecosystem,
zilliqa-ecosystem,Zilliqa Ecosystem,
ethereumpow-ecosystem,EthereumPoW Ecosystem,
shibarium,Shibarium Ecosystem,
kardiachain-ecosystem,KardiaChain Ecosystem,
telos-ecosystem,Telos Ecosystem,
milkomeda-cardano-ecosystem,Milkomeda (Cardano) Ecosystem,
katana-ecosystem,Katana Ecosystem,
apechain-ecosystem,ApeChain Ecosystem,
astar-ecosystem,Astar Ecosystem,
dogechain-ecosystem,Dogechain Ecosystem,
etherlink-ecosystem,Etherlink Ecosystem,
velas-ecosystem,Velas Ecosystem,
bob-network-ecosystem,BOB Network Ecosystem,
evmos-ecosystem,Evmos Ecosystem,
skale-ecosystem,Skale Ecosystem,
cronos-zkevm-ecosystem,Cronos zkEVM Ecosystem,
swellchain-ecosystem,Swellchain Ecosystem,
immutable-ecosystem,Immutable zkEVM Ecosystem,
meter-ecosystem,Meter Ecosystem,
opbnb-ecosystem,opBNB Ecosystem,
flow-evm-ecosystem,Flow EVM Ecosystem,
waves-ecosystem,Waves Ecosystem,
neon-ecosystem,Neon Ecosystem,Neon is an on-chain solution that brings native Ethereum Virtual Machine (EVM) dApps to the Solana network without any reconfiguration.
conflux-ecosystem,Conflux Ecosystem,
arbitrum-nova-ecosystem,Arbitrum Nova Ecosystem,
tac-ecosystem,TAC Ecosystem,
iota-evm-ecosystem,IOTA EVM Ecosystem,
hydration-ecosystem,Hydration Ecosystem,
oasys-ecosystem,Oasys Ecosystem,
wemix-ecosystem,WEMIX Ecosystem,
hemi-ecosystem,Hemi Ecosystem,
story-ecosystem,Story Ecosystem,
kujira-ecosystem,Kujira Ecosystem,
peaq-ecosystem,Peaq Ecosystem,
lisk-ecosystem,Lisk Ecosystem,
beam-ecosystem,Beam Ecosystem,
eclipse-ecosystem,Eclipse Ecosystem,
ergo-ecosystem,Ergo Ecosystem,
morph-l2-ecosystem,Morph L2 Ecosystem,
oasis-emerald-ecosystem,Oasis Emerald Ecosystem,
lightlink-ecosystem,LightLink Ecosystem,
okt-chain-ecosystem,OKT Chain Ecosystem,
zircuit-ecosystem,Zircuit Ecosystem,
heco-chain-ecosystem,HECO Chain Ecosystem,
bittorrent-ecosystem,BitTorrent Ecosystem,
bitlayer-ecosystem,Bitlayer Ecosystem,
syscoin-nevm-ecosystem,Syscoin NEVM Ecosystem,
theta-ecosystem,Theta Ecosystem,
kadena-ecosystem,Kadena Ecosystem,Kadena is a scalable Proof of Work blockchain built using the Pact smart contract language. It aims to build a scalable and developer-friendly public blockchain with a level of security on-par with Bitcoin.
kucoin-community-chain-ecosystem,Kucoin Community Chain Ecosystem,
zedxion-ecosystem,Zedxion Ecosystem,
re-al-ecosystem,Re.al Ecosystem,
oec-ecosystem,OEC Ecosystem,
neo-ecosystem,NEO Ecosystem,
songbird-ecosystem,Songbird Ecosystem,
boba-network-ecosystem,Boba Network Ecosystem,
zora-ecosystem,Zora Ecosystem,
wanchain-ecosystem,Wanchain Ecosystem,
corn-ecosystem,Corn Ecosystem,
ethereum-classic-ecosystem,Ethereum Classic Ecosystem,
step-network-ecosystem,Step Network Ecosystem,
elastos-smart-contract-chain-ecosystem,Elastos Smart Contract Chain Ecosystem,
massa-ecosystem,Massa Ecosystem,
goat-ecosystem,Goat Ecosystem,
wax-ecosystem,Wax Ecosystem,
saga-ecosystem,Saga Ecosystem,
degen-ecosystem,Degen Ecosystem,
shimmerevm-ecosystem,ShimmerEVM Ecosystem,
hydra-ecosystem,Hydra Ecosystem,
thundercore-ecosystem,ThunderCore Ecosystem,
movement-ecosystem,Movement Ecosystem,
bouncebit-ecosystem,BounceBit Ecosystem,
smartbch-ecosystem,SmartBCH Ecosystem,
flow-ecosystem,Flow Ecosystem,
bsquared-network-ecosystem,BSquared Network Ecosystem,
haven1-ecosystem,Haven1 Ecosystem,
taraxa-ecosystem,Taraxa Ecosystem,
bitrock-ecosystem,Bitrock Ecosystem,
gravity-alpha-ecosystem,Gravity Alpha Ecosystem,
vechain-ecosystem,VeChain Ecosystem,
alephium-ecosystem,Alephium Ecosystem,
sanko-ecosystem,Sanko Ecosystem,
eni-ecosystem,ENI Ecosystem,
kroma-ecosystem,Kroma Ecosystem,
redbelly-network-ecosystem,Redbelly Network Ecosystem,
juno-ecosystem,Juno Ecosystem,
edu-chain-ecosystem,EDU Chain Ecosystem,
superseed-ecosystem,Superseed Ecosystem,
memecore-ecosystem,MemeCore Ecosystem,
airdao-ecosystem,AirDAO Ecosystem,
oraichain-ecosystem,Oraichain Ecosystem,
q-mainnet-ecosystem,Q Mainnet Ecosystem,
zklink-nova-ecosystem,zkLink Nova Ecosystem,
gatelayer-ecosystem,GateLayer Ecosystem,
shido-network-ecosystem,Shido Network Ecosystem,
laika-ecosystem,Laika Ecosystem,
bevm-ecosystem,BEVM Ecosystem,
astar-zkevm-ecosystem,Astar zkEVM Ecosystem,
lukso-ecosystem,Lukso Ecosystem,
bitgert-ecosystem,Bitgert Ecosystem,
botanix-ecosystem,Botanix Ecosystem,
units-network-ecosystem,Unit0 Network Ecosystem,
migaloo-ecosystem,Migaloo Ecosystem,
oasis-sapphire-ecosystem,Oasis Sapphire Ecosystem,
duckchain-ecosystem,DuckChain Ecosystem,
besc-hyperchain-ecosystem,BESC HyperChain Ecosystem,
initia-ecosystem,Initia Ecosystem,
somnia-ecosystem,Somnia Ecosystem,
dfk-chain-ecosystem,DFK Chain Ecosystem,
mint-ecosystem,Mint Ecosystem,
glue-ecosystem,Glue Ecosystem,
nibiru-ecosystem,Nibiru Ecosystem,
mantra-evm-ecosystem,Mantra EVM Ecosystem,
rss3-vsl-ecosystem,RSS3 VSL Ecosystem,
mezo-ecosystem,Mezo Ecosystem,
venom-ecosystem,Venom Ecosystem,
mantra-ecosystem,Mantra Ecosystem,
pundi-aifx-omnilayer-ecosystem,Pundi AIFX Omnilayer Ecosystem, 
0g-ecosystem,0g Ecosystem,
hela-ecosystem,HeLa Ecosystem,
eos-ecosystem,EOS Ecosystem,
bahamut-ecosystem,Bahamut Ecosystem,
areum-network-ecosystem,Areum Network Ecosystem,
parex-network-ecosystem,Parex Network Ecosystem,
ql1-ecosystem,QL1 Ecosystem,
proof-of-memes-ecosystem,Proof of Memes Ecosystem,
inevm-ecosystem,inEVM Ecosystem,
superposition-ecosystem,Superposition Ecosystem,
provenance-ecosystem,Provenance Ecosystem,
krown-network-ecosystem,Krown Network Ecosystem,
galachain-ecosystem,GalaChain Ecosystem,
vanar-chain-ecosystem,Vanar Chain Ecosystem,
zano-ecosystem,Zano Ecosystem,
stable-ecosystem,Stable Ecosystem,
larissa-ecosystem,Larissa Ecosystem,
genesys-network-ecosystem,Genesys Network Ecosystem,
vana-ecosystem,Vana Ecosystem,
endurance-ecosystem,Endurance Ecosystem,
ziliqa-evm-ecosystem,Ziliqa EVM Ecosystem,
electroneum-ecosystem,Electroneum Ecosystem,
artela-ecosystem,Artela Ecosystem,
hashkey-chain-ecosystem,HashKey Chain Ecosystem,
humanode-ecosystem,Humanode Ecosystem,
sx-rollup-ecosystem,SX Rollup Ecosystem,
zero-network-ecosystem,Zero Network Ecosystem,
deepbrain-chain-ecosystem,DeepBrain Chain Ecosystem,
ancient8-ecosystem,Ancient8 Ecosystem,
iota-ecosystem,IOTA Ecosystem,
xai-ecosystem,XAI Ecosystem,
rari-ecosystem,Rari Ecosystem,
cyber-ecosystem,Cyber Ecosystem,
graphlinq-ecosystem,GraphLinq Ecosystem,
defiverse-ecosystem,Defiverse Ecosystem,
saakuru-ecosystem,Saakuru Ecosystem,
xone-ecosystem,Xone Ecosystem,
edgeware-ecosystem,Edgeware Ecosystem,
supra-ecosystem,Supra Ecosystem,
lens-ecosystem,Lens Ecosystem,
haqq-network-ecosystem,Haqq Network Ecosystem,
aelf-ecosystem,Aelf Ecosystem,
gunz-ecosystem,GUNZ Ecosystem,
chromia-ecosystem,Chromia Ecosystem,
beamprivacy-ecosystem,BeamPrivacy Ecosystem,
bittensor-evm-ecosystem,Bittensor EVM Ecosystem,
graphite-network-ecosystem,Graphite Network Ecosystem,
carrchain-ecosystem,CarrChain Ecosystem,
apex-chain-ecosystem,Apex Chain Ecosystem,"Apex Chain is a gas-free blockchain, powered by the Omnia token."
loopring-ecosystem,Loopring Ecosystem,
mainnetz-ecosystem,Mainnetz Ecosystem,
ultron-ecosystem,Ultron Ecosystem,
defimetachain-ecosystem,DefiMetaChain Ecosystem,
reactive-network-ecosystem,Reactive Network Ecosystem,
voi-network-ecosystem,Voi Network Ecosystem,
onchain-ecosystem,Onchain Ecosystem,
8bit-chain-ecosystem,8Bit Chain Ecosystem,
xrpl-evm-ecosystem,XRPL EVM Ecosystem,
titanchain-ecosystem,Titanchain Ecosystem,
quai-network-ecosystem,Quai Network Ecosystem,
bayblon-genesis-ecosystem,Bayblon Genesis Ecosystem,
alienx-ecosystem,AlienX Ecosystem,
boba-bnb-ecosystem,Boba BNB Ecosystem,
sonic-svm-ecosystem,Sonic SVM Ecosystem,
henesys-ecosystem,Henesys Ecosystem,
elysium-ecosystem,Elysium Ecosystem,
codex-ecosystem,Codex Ecosystem,
zenon-ecosystem,Zenon Ecosystem,
celer-network,Celer Network,
icb-network-ecosystem,ICB Network Ecosystem,
qubic-chain-ecosystem,Qubic Ecosystem,
tenet-ecosystem,Tenet Ecosystem,
vyvo-smart-chain-ecosystem,Vyvo Smart Chain Ecosystem,
omnia-ecosystem,Omnia Ecosystem,
playa3ull-games-ecosystem,PLAYA3ULL Games Ecosystem,
maxxchain-ecosystem,MaxxChain Ecosystem,
ham-ecosystem,Ham Ecosystem,
xt-smart-chain-ecosystem,XT Smart Chain Ecosystem,
jibchain-ecosystem,Jibchain Ecosystem,
megaeth-ecosystem,MegaETH Ecosystem,
lamina1-ecosystem,Lamina1 Ecosystem,
qitmeer-network-ecosystem,Qitmeer Network Ecosystem,
kinto-ecosystem,Kinto Ecosystem,
redstone-ecosystem,Redstone Ecosystem,
dmex-ecosystem,DMEX Ecosystem,
moonchain-ecosystem,Moonchain Ecosystem,
lung-ecosystem,Lung Ecosystem,
valuechain-ecosystem,ValueChain Ecosystem,
alveychain-ecosystem,Alveychain Ecosystem,
odyssey-ecosystem,Odyssey Ecosystem,
combo-ecosystem,Combo Ecosystem,
platon-network-ecosystem,PlatON Network Ecosystem,
coti-ecosystem,COTI Ecosystem,
enuls-ecosystem,ENULS Ecosystem,
grx-chain-ecosystem,GRX Chain Ecosystem,
uton-ecosystem,UTON Ecosystem,
multivac-ecosystem,MultiVAC Ecosystem,
nahmii-ecosystem,Nahmii Ecosystem,
crossfi-ecosystem,CrossFi Ecosystem,
eventum-ecosystem,Eventum Ecosystem,
winr-ecosystem,Winr Ecosystem,